{"M":[[0,1,34.4618,0.03686],[1,1,37.2435,0.03135],[2,1,39.1349,0.02997],[3,1,40.5008,0.02918],[4,1,41.6401,0.02868],[5,1,42.5524,0.02837],[6,1,43.3393,0.02817],[7,1,43.9791,0.02804],[8,1,44.5384,0.02796],[9,1,45.0007,0.02792],[10,1,45.4004,0.0279],[11,1,45.7593,0.02789],[12,1,46.0637,0.02789],[13,1,46.3421,0.02789],[14,1,46.5834,0.02791],[15,1,46.809,0.02792],[16,1,47.0088,0.02795],[17,1,47.1936,0.02797],[18,1,47.3718,0.028],[19,1,47.5341,0.02803],[20,1,47.6931,0.02806],[21,1,47.8399,0.0281],[22,1,47.985,0.02814],[23,1,48.1198,0.02817],[24.5,1.424085,48.7206,0.029242],[25.5,1.570621,48.8337,0.029506],[26.5,1.715394,48.9398,0.029778],[27.5,1.857653,49.0395,0.030059],[28.5,1.996811,49.1332,0.030346],[29.5,2.132411,49.2215,0.03064],[30.5,2.264111,49.3046,0.030939],[31.5,2.391658,49.3829,0.031243],[32.5,2.514878,49.4568,0.031551],[33.5,2.633661,49.5264,0.031862],[34.5,2.747949,49.5922,0.032177],[35.5,2.857728,49.6542,0.032494],[36,2.910932,49.6839,0.032654]],"F":[[0,1,33.8787,0.03496],[1,1,36.5163,0.03211],[2,1,38.258,0.03168],[3,1,39.521,0.0314],[4,1,40.5895,0.03119],[5,1,41.454,0.03102],[6,1,42.2079,0.03087],[7,1,42.8278,0.03075],[8,1,43.3753,0.03063],[9,1,43.8309,0.03053],[10,1,44.2273,0.03044],[11,1,44.5865,0.03035],[12,1,44.894,0.03027],[13,1,45.1779,0.03019],[14,1,45.4255,0.03012],[15,1,45.6582,0.03005],[16,1,45.865,0.02999],[17,1,46.0571,0.02993],[18,1,46.2431,0.02987],[19,1,46.4135,0.02982],[20,1,46.5814,0.02977],[21,1,46.7375,0.02972],[22,1,46.8931,0.02967],[23,1,47.0388,0.02962],[24.5,1.711658,47.5369,0.029479],[25.5,1.792552,47.6612,0.029666],[26.5,1.86755,47.7787,0.029861],[27.5,1.937033,47.8898,0.030062],[28.5,2.001359,47.9951,0.030268],[29.5,2.06087,48.0949,0.03048],[30.5,2.11589,48.1896,0.030696],[31.5,2.166721,48.2796,0.030916],[32.5,2.213648,48.3651,0.03114],[33.5,2.256943,48.4465,0.031368],[34.5,2.296844,48.524,0.031598],[35.5,2.333589,48.5978,0.031831],[36,2.350847,48.6334,0.031948]]}